id; insulto; descripcion
1; Acaparador; Persona que adquiere y retiene cosas propias del comercio en cantidad superior a la normal, previendo su escasez o encarecimiento.
2; Alborotador; Que alborota, inquieta, altera, perturba, se amotina o se subleva, o incita a otros a hacerlo.
3; Alcornoque; Árbol siempre verde, de la familia de las Fagáceas, de ocho a diez metros de altura, copa muy extensa, madera durísima, corteza formada por una gruesa capa de corcho, hojas aovadas, enteras o dentadas, flores poco visibles y bellotas por frutos.
4; Ametrallador; con babero  Persona que utiliza una metralleta ataviado con una prenda similar a la que se pone a los niños sobre el pecho para evitar que se manchen.
5; Anacoluto; Expresión incorrecta que se produce al cambiar de construcción a mitad de la frase dejando aislado algún término al que le falta la correspondiente concordancia con la primitiva intención del emisor del mensaje.
6; Analfabeto; Que no sabe leer ni escribir. Ignorante, sin cultura, o profano en alguna disciplina.
7; Anfitrión; Persona o entidad que recibe en su país o en su sede habitual a invitados o visitantes. Persona que tiene invitados a su mesa o a su casa.
8; Animal; Ser orgánico que vive, siente y se mueve por propio impulso. Persona de comportamiento instintivo, ignorante y grosera.
9; Antipático; Que despierta antipatía.
10; Antracita; Carbón fósil seco o poco bituminoso que arde con dificultad y sin conglutinarse.
11; Antropófago; Dicho de una persona: Que come carne humana.
12; Antropopiteco; Animal, cuyos restos fósiles fueron descubiertos en Java, que vivió en el período pleistoceno y al que los partidarios de la doctrina transformista consideran uno de los antepasados del hombre.
13; Apache; Se dice del indio nómada de las llanuras de Nuevo México, caracterizado por su gran belicosidad.
14; Aparato tragaperras; Máquina de juegos de azar que funciona introduciendo monedas.
15; Archipámpano; Persona que ejerce gran dignidad o autoridad imaginaria.
16; Arlequín; Persona cuyo vestido en un espectáculo o fiesta remeda el de Arlequín, personaje de la comedia del arte, que llevaba mascarilla negra y traje de cuadros o losanges de distintos colores. Gracioso o bufón de algunas compañías de volatines.
17; Arrapiezo; Persona o cosa muy despreciable. Persona pequeña, de corta edad o humilde condición.
18; Ascensor; Aparato para trasladar personas de unos a otros pisos.
19; Asno; Animal solípedo, como de metro y medio de altura, de color, por lo común, ceniciento, con las orejas largas y la extremidad de la cola poblada de cerdas. Es muy sufrido y se le emplea como caballería y como bestia de carga y a veces también de tiro.
20; Atila; de guardarropía  Atila de pacotilla. Atila: el último y más poderoso rey de los hunos, pueblo bárbaro euroasiático que existió en los siglos IV y V.
21; Atontao; Dicho de una persona: Tonta o que no sabe cómo conducirse.
22; Atropellador; Persona que atropella.
23; Autócrata; Persona que ejerce por sí sola la autoridad suprema en un Estado. Se daba especialmente este título al emperador de Rusia.
24; Avasallador; Que avasalla, que sujeta, rinde o somete a otros a obediencia.
25; Azteca; Se dice del individuo de un antiguo pueblo invasor y dominador del territorio conocido después con el nombre de México.
26; Bachi-bozuc; Soldado mercenario turco que se distinguía por su facilidad para cambiar de bando en plena batalla.
27; Bachi-bozuc de los Cárpatos; Soldado mercenario turco afincado en los Cárpatos, sistema montañoso de Europa Central.
28; Bandido; Fugitivo de la justicia llamado por bando. Persona perversa, engañadora o estafadora.
29; Bárbaro; Se dice del individuo de cualquiera de los pueblos que desde el siglo V invadieron el Imperio romano y se fueron extendiendo por la mayor parte de Europa. Inculto, grosero, tosco.
30; Bastardo; Que degenera de su origen o naturaleza.
31; Basura; Residuos desechados y otros desperdicios. Cosa repugnante o despreciable.
32; Bebe-sin-sed; En algunos círculos se menciona como un adjetivo que se dedica a los que hacen algo sin necesidad, por pura afición. En el caso del Capitán el sentido parece más peyorativo y parece indicar tontería, estupidez.
33; Beduino; Se dice de los árabes nómadas que habitan su país originario o viven esparcidos por Siria y el África septentrional. Hombre bárbaro y desaforado.
34; Beduino interplanetario; Beduino que habita en espacio exterior.
35; Bergante; Pícaro, sinvergüenza.
36; Berzotas; Persona ignorante o necia.
37; Bestia; Animal doméstico de carga como por ejemplo, el caballo, la mula, etc. Persona ruda e ignorante.
38; Bibendum; Mascota de la empresa de neumáticos Michelín. Apareció por primera vez en un cartel publicitario de 1910 y su nombre se debe a su forma redonda, ya que se compone de neumáticos apilados.
39; Bicharraco; Despectivamente, animal. Persona aviesa, de malas intenciones.
40; Bicho raro;  En tono despectivo, persona extraña o inadaptada.
41; Borracho; Que se embriaga habitualmente.
42; Borrico; Animal solípedo, como de metro y medio de altura, de color, por lo común, ceniciento, con las orejas largas y la extremidad de la cola poblada de cerdas. Persona ruda y de muy poco entendimiento.
43; Bribón; Haragán, dado a la holgazanería o a la picaresca.
44; Bruto; Necio, incapaz, violento, rudo, carente de miramiento y civilidad.
45; Bulldozer; a reacción  Máquina motorizada de gran potencia, utilizada para transportar materiales de gran volumen y que utiliza un motor de combustión que origina un movimiento contrario al del chorro de los gases expulsados.
46; Burgués; Ciudadano de la clase media y dirigente acomodado que se caracteriza por un cierto conformismo social.
47; Cabeza de mula; Persona terca, pertinaz, obstinada e irreducible.
48; Cafre; Habitante de la antigua colonia inglesa de Cafrería, en Sudáfrica. Bárbaro y cruel. Zafio y rústico.
49; Calabacín; Pequeña calabaza cilíndrica de corteza verde y carne blanca. Coloquialmente, persona inepta.
50; Canaca; Dueño de un burdel.
51; Canalla; Persona despreciable y de malos procederes.
52; Caníbal; Dicho de una persona: Que come carne humana.
53; Cantamañanas; Persona informal, fantasiosa, irresponsable, que no merece crédito.
54; Carcamal; Persona decrépita y achacosa.
55; Carne de horca;  Persona susceptible de ser ahorcada.
56; Catacresis; Tropo que consiste en dar a una palabra sentido traslaticio para designar algo que carece de nombre especial. Por ejemplo, la hoja de la espada, una hoja de papel.
57; Cataplasma; Tópico de consistencia blanda, que se aplica para varios efectos medicinales, y más particularmente el que es calmante o emoliente. Persona pesada y fastidiosa.
58; Cebollino; Planta muy parecida a la cebolla, con el tallo cilíndrico, de unos cuatro decímetros de altura, las flores violadas, uno o varios bulbos pequeños y ovoides, de sabor dulce, y hojas jugosas, que se comen en ensalada.
59; Cebra; Animal solípedo del África austral, parecido al asno, de pelo blanco amarillento, con listas transversales pardas o negras.
60; Ceporro; Persona torpe e ignorante.
61; Cercopiteco; Mono catarrino, propio de África, de formas ligeras, provisto de abazones y con las callosidades isquiáticas muy desarrolladas.
62; Cernícalo; Ave de rapiña, común en España, de unos cuatro decímetros de largo, con cabeza abultada, pico y uñas negros y fuertes, y plumaje rojizo más oscuro por la espalda que por el pecho y manchado de negro.
63; Chafalotodo; Que todo lo estropea o lo echa a perder.
64; Chalao; Alelado, falto de seso o juicio.
65; Charlatán; Persona que se dedica a la venta ambulante y anuncia a voces su mercancía. Persona que habla mucho y sin sustancia.
66; Chinche; Insecto hemíptero, de color rojo oscuro, cuerpo muy aplastado, casi elíptico, de cuatro o cinco milímetros de largo, antenas cortas y cabeza inclinada hacia abajo. Es nocturno, fétido y sumamente incómodo, pues chupa la sangre humana taladrando la piel co
67; Chu-chuc; Onomatopeya del sonido de un tren de vapor o del canto de algunos pájaros.
68; Chupatintas; Oficinista de poca categoría.
69; Cianuro; Sustancia química de uso industrial, minero como agente acomplejante de iones metálicos, en la galvanoplastía de electrodeposición de zinc, oro, cobre y especialmente plata, y de uso en la producción de plásticos de base acrílica.
70; Ciclotrón; Acelerador circular que imprime a partículas subatómicas cargadas un movimiento en espiral cada vez más rápido con el fin de que sirvan como proyectiles para bombardear núcleos atómicos.
71; Cobarde; Pusilánime, sin valor ni espíritu.
72; Cochino; Cerdo cebado que se destina a la matanza.
73; Coleóptero; Se dice de los insectos que tienen boca dispuesta para masticar, caparazón consistente y dos élitros córneos que cubren dos alas membranosas, plegadas al través cuando el animal no vuela.
74; Cólera; Enfermedad epidémica aguda de origen bacteriano, caracterizada por vómitos repetidos y diarrea severa.
75; Coloquíntido; De la familia del coloquinto.
76; Coloquinto; Citrullus colocynthus: planta rastrera de 1 a 2 metros de altura cuyo fruto agradable a la vista, pero amargo, sólo encuentra empleo como purgante fuerte.
77; Coloquinto; de grasa de antracita  Planta rastrera supuestamente constituída por una materia sebosa y compuesta de ácidos grasos procedente de un carbón fósil seco.
78; Condenado; Endemoniado, perverso, nocivo. Reprobado por su heterodoxia religiosa.
79; Corderito; Hijo de la oveja, que no pasa de un año (diminutivo).
80; Corsario; Se dice del buque que andaba al corso, con patente del gobierno de su nación. Andar al corso o hacer un corso: persecución y saqueo de naves llevados a cabo no como acción de guerra, pero sí por barcos autorizados por su gobierno.
81; Cotorra charlatana; Ave prensora americana, parecida al papagayo, con las mejillas cubiertas de pluma, alas y cola largas y puntiagudas, y colores varios, en que domina el verde. Persona habladora.
82; Cowboy del volante; Término despectivo que usa para designar a aquél que tiene un comportamiento agresivo y prepotente en la conducción de automóviles.
83; Cretino; Que padece cretinismo: enfermedad caracterizada por un peculiar retraso de la inteligencia, acompañado, por lo común, de defectos del desarrollo orgánico. Estúpido, necio.
84; Cretino de los Alpes; Insulto común en Francia: Parece ser que el vocablo crétin comenzó a usarse en la región de Saboya para referirse a los que habitaban al otro lado de los Alpes (actual Suiza) y que acogieron al credo cristiano difundido por los reformistas del siglo XVI.
85; Cretino de los Balcanes; Persona estúpida o necia, o que padece cretinismo y que habita en la península de los Balcanes, en la Europa Mediterránea.
86; Cretino del Himalaya; Persona estúpida o necia, o que padece cretinismo y que habita en la cordillera del Himalaya.
87; Criminal; Persona que ha cometido o procurado cometer un crimen.
88; Cromagnon; Cromagnon u Hombre de Cromagnon: tipo humano correspondiente a ciertos fósiles de Homo sapiens, en especial los asociados a las cuevas de Europa en las que se encontraron pinturas rupestres. Su datación es entre 40.000 y 10.000 años antes del presente.
89; Cucaracha; Insecto ortóptero, nocturno y corredor, de unos tres centímetros de largo, cuerpo deprimido, aplanado, de color negro por encima y rojizo por debajo, antenas filiformes, las seis patas casi iguales y el abdomen terminado por dos puntas articuladas.
90; Demonio; En la tradición judeocristiana, cada uno de los ángeles rebelados contra Dios y arrojados por Él al abismo. Príncipe de esos ángeles, que representa el espíritu del mal.
91; Desarrapado; Andrajoso, roto y lleno de harapos. Desheredado, muy pobre.
92; Descamisado; Muy pobre, desharrapado.
93; Desgraciado; Que padece desgracias o una desgracia. Falto de gracia y atractivo. Dicho de una persona: Que inspira compasión o menosprecio.
94; Diablo; Demonio.
95; Dictador a la nuez de coco; Persona que se arroga o recibe todos los poderes políticos extraordinarios y los ejerce sin limitación jurídica. "A la nuez de coco" (semilla del cocotero) se añade para darle un tono más ridículo y grotesco a la expresión.
96; Dinamitero; Que sistemáticamente destruye o trata de destruir personas o cosas por medio de la dinamita.
97; Diplodocus; Tipo de dinosaurio de hasta 25 m de longitud y cuello muy largo, propio del Jurásico superior en América del Norte.
98; Doríforo; Escultura de Policleto, realizada entre el 450 y el 445 a.C. que se supone que puede ser la representación ideal del mítico heroe Aquiles.
99; Ectoplasma; Supuesta emanación material de un médium, con la que se dice que se forman apariencias de fragmentos orgánicos, seres vivos o cosas.
100; Ectoplasma de mejillón; Emanación material de un molusco lamelibranquio marino, con la concha formada por dos valvas simétricas, convexas, casi triangulares, de color negro azulado por fuera, algo anacaradas por dentro, y de unos cuatro centímetros de longitud.
101; Egoísta; Persona que padece de un inmoderado y excesivo amor a sí mismo, que hace atender desmedidamente al propio interés, sin cuidarse del de los demás.
102; Embustero; Que dice mentiras disfrazadas con artificio.
103; Emplasto; Preparado farmacéutico de uso tópico, sólido, moldeable y adhesivo.
104; Endemoniado; Poseído del demonio. Sumamente perverso, malo, nocivo.
105; Energúmeno; Persona poseída del demonio. Persona furiosa, alborotada.
106; Envenenador; Persona que administra a sabiendas sustancias nocivas a otras con el fin de perjudicarles.
107; Equilibrista; Diestro en hacer juegos de equilibrio.
108; Esclavista; Partidario de la esclavitud.
109; Escorpión; Arácnido con tráqueas en forma de bolsas y abdomen que se prolonga en una cola formada por seis segmentos y terminada en un aguijón curvo y venenoso.
110; Espantajo; Cosa que se pone en un lugar para espantar y especialmente en los sembrados para espantar los pájaros. Persona estrafalaria y despreciable.
111; Espantapájaros; Espantajo que se pone en los sembrados y en los árboles para ahuyentar los pájaros.
112; Esperpento; Hecho grotesco o desatinado o persona o cosa notable por su fealdad, desaliño o mala traza.
113; Esquizofrénico; Persona que padece una de las enfermedades mentales correspondientes a la antigua demencia precoz, que se declaran hacia la pubertad y se caracterizan por una disociación específica de las funciones psíquicas.
114; Estropajo; Porción de esparto machacado u otras materias como plástico, alambre, nailon, etc., que sirve principalmente para fregar. Desecho, persona o cosa inútil o despreciable.
115; Estúpido; Necio, falto de inteligencia.
116; Extracto; de hidrocarburo  Producto obtenido por evaporación del compuesto resultante de la combinación del carbono con el hidrógeno.
117; Fanfarrón; Que se precia y hace alarde de lo que no es, y en particular de valiente.
118; Fantasma; Visión quimérica como la que se da en los sueños o en las figuraciones de la imaginación. Imagen de una persona muerta que, según algunos, se aparece a los vivos.
119; Fariseo; Entre los judíos, miembro de una secta que afectaba rigor y austeridad, pero eludía los preceptos de la ley, y, sobre todo, su espíritu. Hombre hipócrita.
120; Fátima; de baratillo  Fátima: nombre femenino de origen árabe, nombre de una de las hijas de Mahoma. La coletilla "de baratillo" se añade para designar despectivamente algo de poco valor.
121; Filibustero; Pirata, que por el siglo XVII formó parte de los grupos que infestaron el mar de las Antillas.
122; Filoxera; Insecto hemíptero, oriundo de América del Norte, parecido al pulgón, de color amarillento, de menos de medio milímetro de largo, que ataca primero las hojas y después los filamentos de las raíces de las vides.
123; Flebotoma; Mosquito cuya picadura produce la enfermedad denominada leshmaniasis o lepra de montaña.
124; Forzudo; Que tiene grandes fuerzas.
125; Fulano; Término que se utiliza para aludir a alguien cuyo nombre se ignora o no se quiere expresar.
126; Galápago; Reptil del orden de los Quelonios, parecido a la tortuga, con membranas interdigitales.
127; Gamberro; Que comete actos de grosería o incivilidad.
128; Ganapán; Hombre que se gana la vida llevando recados o transportando bultos de un punto a otro. Hombre rudo y tosco.
129; Gangster; Criminal de carrera que es, o en un cierto momento se convierte casi invariablemente, en miembro de una organización criminal violenta y persistente, lo que en inglés, se conoce como gang (pandilla).
130; Giróscopo; Aparato consistente en un disco que gira rápidamente sobre un eje libre que se mantiene en una dirección constante. Se utiliza en la estabilización de barcos y aviones.
131; Gitano; Se dice de los individuos de un pueblo originario de la India, extendido por diversos países, que mantienen en gran parte un nomadismo y han conservado rasgos físicos y culturales propios.
132; Gordinflón; Dicho de una persona: Demasiado gruesa.
133; Granuja; Muchacho vagabundo, pilluelo.
134; Gusano; Nombre de las larvas vermiformes de muchos insectos y de las orugas de los lepidópteros. Persona vil y despreciable.
135; Herético; Perteneciente o relativo a la herejía o al hereje. Herejía: error en materia de fe, sostenido con pertinacia.
136; Hidrocarburo; Compuesto resultante de la combinación del carbono con el hidrógeno.
137; Holgazán; Dicho de una persona: Vagabunda y ociosa, que no quiere trabajar.
138; Iconoclasta; Se dice de quien niega y rechaza la merecida autoridad de maestros, normas y modelos.
139; Idiota; Que padece de idiocia, trastorno caracterizado por una deficiencia muy profunda de las facultades mentales, congénita o adquirida en las primeras edades de la vida.
140; Imbécil; Alelado, escaso de razón.
141; Impertinente; Excesivamente susceptible, que muestra desagrado por todo, y pide o hace cosas que están fuera de propósito.
142; Inca de carnaval; Dícese, en tono despectivo, del inca que sólo lo es o lo aparenta ser en actos festivos y carnavalescos.
143; Indio; Se dice del indígena de América, o sea de las Indias Occidentales, al que hoy se considera como descendiente de aquel sin mezcla de otra raza.
144; Individualista; Persona con tendencia a pensar y obrar con independencia de los demás, o sin sujetarse a normas generales.
145; Infame; Que carece de honra, crédito y estimación. Muy malo y vil en su especie.
146; Insecto; Artrópodo de respiración traqueal, con el cuerpo dividido distintamente en cabeza, tórax y abdomen, con un par de antenas y tres de patas. Los más tienen uno o dos pares de alas y sufren metamorfosis durante su desarrollo.
147; Invertebrado; Se dice de los animales que no tienen columna vertebral.
148; Judas; Hombre alevoso, traidor (por alusión a Judas Iscariote, por quien Jesús fue vendido a los judíos).
149; Jugo de regaliz; Líquido que se extrae al hervir con agua las raíces del regaliz, y a partir del cual se fabrican las barras de regaliz.
150; Ku-Klux-Klan; Organización surgida en Norteamérica que predica la supremacía de la raza blanca, el antisemitismo, el racismo, el anticatolicismo, el anticomunismo, la homofobia y el nativismo.
151; Ladrón; Que hurta o roba.
152; Ladrón de niños; Persona que hurta o roba y centra su actividad en los niños.
153; Lechuguino; Muchacho imberbe que se mete a galantear aparentando ser hombre hecho. Hombre joven que se compone mucho y sigue rigurosamente la moda.
154; Lepidóptero; Se dice de los insectos que tienen boca chupadora constituida por una trompa que se arrolla en espiral, y cuatro alas cubiertas de escamitas imbricadas.
155; Llorón; Que llora, se queja o lamenta frecuentemente.
156; Lobo come-niños; Lobo imaginario muy utilizado en la literatura infantil.
157; Loco; Que ha perdido la razón. De poco juicio, disparatado e imprudente.
158; Logaritmo; Exponente a que es necesario elevar una cantidad positiva para que resulte un número determinado.
159; Lorito; Papagayo, ave, y más particularmente el que tiene el plumaje con fondo rojo (diminutivo).
160; Macaco; Cuadrumano muy parecido a la mona, pero más pequeño que ella, con cola y el hocico saliente y aplastado.
161; Macrocéfalo; Dicho de una persona o de un animal: Que tiene la cabeza demasiado grande con relación al cuerpo.
162; Majadero; Necio y porfiado.
163; Mala peste; Enfermedad contagiosa y grave que causa gran mortandad en los hombres o en los animales. Se le añade el adjetivo "Mala" para enfatizar su condición de algo terrible o indeseable.
164; Mala semilla; Expresión que se utiliza para designar de forma ofensiva a niños conflictivos o con conductas violentas.
165; Maleante; Persona que vive al margen de la ley, y que se dedica al robo, contrabando, etc.
166; Mamarracho; Persona o cosa defectuosa, ridícula o extravagante.
167; Mameluco; Soldado de una milicia privilegiada de los soldanes de Egipto. Hombre necio y bobo.
168; Marinero de agua dulce; Expresión que emplean los marinos para referirse de forma despectiva al que embarca sin conocer el oficio.
169; Marmota; Mamífero roedor, de unos cinco decímetros de longitud desde el hocico hasta la cola, y poco más de dos de altura.
170; Mataperros; Muchacho callejero y travieso.
171; Matón; Hombre jactancioso y pendenciero, que procura intimidar a los demás.
172; Medio loco; Que ha perdido la razón. De poco juicio, disparatado e imprudente.
173; Megaciclo; Unidad de frecuencia, en radio, televisión, etc., que equivale a un millón de hercios.
174; Megalómano; Que padece manía o delirio de grandezas.
175; Mentiroso de órdago; Que tiene costumbre arraigada y afán desmedido por mentir.
176; Mercader de alfombras; Persona que se dedica al negocio de las alfombras.
177; Mercado negro; Término utilizado para describir la venta clandestina e ilegal de bienes, productos o servicios, violando la fijación de precios o el racionamiento impuestos por el gobierno.
178; Mercantilista; Que practica el mercantilismo. De modo despectivo: persona que aplica el espíritu mercantil a cosas que no deben ser objeto de comercio.
179; Merengue; Dulce, por lo común de forma aovada, hecho con claras de huevo y azúcar y cocido al horno. Persona de complexión delicada.
180; Merluzo; Hombre bobo, tonto.
181; Miedoso; Que tiene miedo de cualquier cosa.
182; Miserable; Perverso, abyecto, canalla, mezquino.
183; Mocoso; Dicho de un niño: Atrevido o malmandado. Dicho de un mozo: Poco experimentado o advertido.
184; Momia; Cadáver que naturalmente o por preparación artificial se deseca con el transcurso del tiempo sin entrar en putrefacción.
185; Monigote; Muñeco o figura ridícula hecha de trapo o cosa semejante. Persona ignorante y ruda, de ninguna representación ni valor. Persona sin carácter, que se deja manejar por otros.
186; Mono; Nombre genérico con que se designa a cualquiera de los animales del suborden de los Simios.
187; Monstruo; Ser fantástico que causa espanto.
188; Morucho; Res vacuna de color negro imperfecto. Novillo embolado para que los aficionados lo lidien en la plaza de toros.
189; Moscardón; Especie de mosca zumbadora. Hombre impertinente que molesta con pesadez y picardía.
190; Mujik; Campesinos rusos a los que se les otorgaron tierras en propiedad después de la reforma agraria de 1861. En la literatura rusa se les suele presentar como seres pobres e ignorantes.
191; Mussolini; de carnaval  Aprendiz de dictador, dictador de pacotilla.
192; Naufragador; Que acostumbra a naufragar.
193; Negrero; Dedicado a la trata de negros. Persona que trata con crueldad a sus subordinados o los explota.
194; Nictálope; Dicho de una persona o de un animal: Que ve mejor de noche que de día.
195; Niña pantera; Término usado para designar a una niña con reacciones violentas y que utiliza recursos propios de los felinos, como morder o arañar.
196; Nuez de coco; Semilla del cocotero.
197; Oficleido; Instrumento musical de metal provisto de llaves que sustituyó al serpentón en la orquesta y permaneció en su lugar hasta 1850, cuando fue sustituido por la tuba de pistones.
198; Oricterópodo; Animal de hasta 80 kilogramos de peso, de cuerpo macizo, morro prominente, orejas alargadas y con potentes patas armadas con fuertes uñas.
199; Ornitorrinco; Mamífero del orden de los Monotremas, del tamaño aproximadamente de un conejo, de cabeza casi redonda y mandíbulas ensanchadas y cubiertas por una lámina córnea, por lo cual su boca se asemeja al pico de un pato.
200; Ostrogodo; Se dice del individuo de aquella parte del pueblo godo que estuvo establecida al oriente del Dniéper, y fundó un reino en Italia.
201; Pacta-con-todos; Persona sin escrúpulos capaz de pactar hasta con las partes más indeseables.
202; Pájaro de mal agüero; Persona que acostumbra a anunciar que algo malo sucederá en el futuro.
203; Pajarraco; Pájaro grande desconocido, o cuyo nombre no se sabe.
204; Paleto; Dicho de una persona o de una cosa: Rústica, zafia y con falta de trato social.
205; Palurdo; Dicho por lo común de la gente del campo y de las aldeas. Tosco, grosero.
206; Palurdo de los Cárpatos;  Persona tosca y grosera que habita en los Cárpatos, sistema montañoso de Europa Central.
207; Paniaguado; Servidor de una casa, que recibe del dueño de ella habitación, alimento y salario.
208; Papanatas; Persona simple y crédula o demasiado cándida y fácil de engañar.
209; Papú; Natural de la Paupasia.
210; Paranoico; Persona que padece una perturbación mental fijada en una idea o en un orden de ideas.
211; Parásito; Dicho de un organismo animal o vegetal: Que vive a costa de otro de distinta especie, alimentándose de él y depauperándolo sin llegar a matarlo. Persona que vive a costa ajena.
212; Patagón; Natural de Patagonia.
213; Patata; Planta herbácea anual, de la familia de las Solanáceas, originaria de América, con tallos ramosos de cuatro a seis decímetros de altura, hojas desiguales, flores blancas o moradas en corimbos terminales y fruto en baya carnosa y amarillenta.
214; Payaso; Artista de circo que hace de gracioso, con traje, ademanes, dichos y gestos apropiados. Dicho de una persona: De poca seriedad, propensa a hacer reír con sus dichos o hechos.
215; Pelmazo; Persona molesta, fastidiosa e inoportuna.
216; Pérfido; Desleal, infiel, traidor, que falta a la fe que debe.
217; Piel roja;  Término con el que se designa vulgarmente a los nativos de Norteamérica.
218; Pies descalzos; Dícese del que lleva desnudos los pies. Puede referirse en tono despectivo a alguien harapiento, desarrapado.
219; Pirata; Persona que, junto con otras de igual condición, se dedica al abordaje de barcos en el mar para robar. Persona cruel y despiadada. Clandestino.
220; Pirata de agua dulce; Expresión para referirse de forma despectiva al que pretende ejercer de pirata sin estar preparado para ello.
221; Pirata de carnaval; Dícese, en tono despectivo, del pirata que sólo lo es o lo aparenta ser en actos festivos y carnavalescos.
222; Pirata del cielo; Pirata que desarrolla sus actividades en el aire o en el espacio.
223; Pirómano; Que sufre una tendencia patológica a la provocación de incendios.
224; Polígrafo; Persona que practica el arte de escribir por diferentes modos secretos o extraordinarios, de suerte que lo escrito no sea inteligible sino para quien pueda descifrarlo. Autor que ha escrito sobre materias diferentes.
225; Porquería; Cosa vieja, rota o que no desempeña su función como debiera.
226; Proyectil teledirigido; Cuerpo arrojadizo, especialmente si se lanza con arma de fuego, y guiado por medio de un mando a distancia.
227; Puercoespín; Mamífero roedor que habita en el norte de África, de unos 25 cm de alto y 60 de largo, con cuerpo rechoncho, cabeza pequeña y hocico agudo. Persona huraña, áspera o poco afable.
228; Rapaz; Se dice de las aves de presa, generalmente de los órdenes Falconiformes y Estrigiformes. Inclinado o dado al robo, hurto o rapiña.
229; Ratón; Mamífero roedor, de unos dos decímetros de largo desde el hocico hasta la extremidad de la cola, que tiene la mitad, de pelaje generalmente gris, muy fecundo y ágil y que vive en las casas, donde causa daño por lo que come, roe y destruye.
230; Renegado; Que ha abandonado voluntariamente su religión o sus creencias. Dicho de una persona: áspera de condición y maldiciente.
231; Reptil; Se dice de los animales vertebrados, ovíparos u ovovivíparos, de temperatura variable y respiración pulmonar que, por carecer de pies o por tenerlos muy cortos, caminan rozando la tierra con el vientre.
232; Residuo de ectoplasma; Aquello que resulta de la descomposición o destrucción de la supuesta emanación material de un médium.
233; Ridículo; Que por su rareza o extravagancia mueve o puede mover a risa.
234; Rizópodo; Se dice del protozoo cuyo cuerpo es capaz de emitir seudópodos que le sirven para moverse y para apoderarse de las partículas orgánicas de que se alimenta.
235; Rocambole; Personaje creado por el escritor francés del siglo XIX Pierre Alexis Ponson du Terrail. El término rocambolesco es una alusión a este personaje e indica algo extraordinario o inverosímil.
236; Sajú; Mamífero cuadrumano que habita en las selvas de América del Sur.
237; Saltimbanqui; Persona que realiza saltos y ejercicios acrobáticos, generalmente en espectáculos al aire libre.
238; Salvaje; Sumamente necio, terco, zafio o rudo.
239; Sapo; Anfibio anuro de cuerpo rechoncho y robusto, ojos saltones, extremidades cortas y piel de aspecto verrugoso.
240; Sátrapa; Gobernador de una provincia de la antigua Persia. Hombre sagaz, que sabe gobernarse con astucia e inteligencia, o que gobierna despóticamente.
241; Serpiente; Reptil ofidio sin pies, de cuerpo aproximadamente cilíndrico y muy largo respecto de su grueso.
242; Sietemesino; con salsa tártara  Bebé que nace prematuramente a los siete meses de gestación mezclado con una salsa constituida por pepinillos, alcaparras, mostaza y mayonesa.
243; Sinvergüenza; Pícaro, bribón. Dicho de una persona: Que comete actos ilegales en provecho propio, o que incurre en inmoralidades.
244; Tecnócrata; Técnico o persona especializada en alguna materia de economía, administración, etc., que ejerce su cargo público con tendencia a hallar soluciones eficaces por encima de otras consideraciones ideológicas o políticas.
245; Terrorista; Que ejecuta actos de violencia para infundir terror.
246; Tonto; Falto o escaso de entendimiento o razón.
247; Tonto de capirote; Tonto al que se coloca un capirote (gorro puntiagudo) para mayor burla o escarnio. Según Miguel de Unamuno, "es el que con un capirote o bonete puntiagudo hace de tonto en las fiestas. Es un tonto de alquiler y casi oficial".
248; Torturador; Que proporciona a alguien grave dolor físico o psicológico, con métodos y utensilios diversos, con el fin de obtener de él una confesión, o como medio de castigo.
249; Tozudo; Obstinado, testarudo.
250; Traficante de carne humana; Persona que se dedica al comercio de esclavos.
251; Tragakilómetros; Término que se usa para designar despectivamente al que viaja mucho.
252; Traidor; Persona que quebranta la fidelidad o lealtad que debe guardar o tener.
253; Tramposo; Embustero, petardista, mal pagador. Que hace trampas en el juego.
254; Troglodita; Que habita en cavernas. Dicho de una persona: Bárbara y cruel.
255; Vago; Dicho de una persona: Sin oficio y mal entretenida. Holgazán, perezoso, poco trabajador.
256; Vampiro; Espectro o cadáver que, según cree el vulgo de ciertos países, va por las noches a chupar poco a poco la sangre de los vivos hasta matarlos. Murciélago hematófago de América del Sur.
257; Vándalo; Se dice del individuo perteneciente a un pueblo bárbaro de origen germánico oriental procedente de Escandinavia. Hombre que comete acciones propias de gente salvaje y desalmada.
258; Vegetariano; Partidario del régimen alimenticio basado principalmente en el consumo de productos vegetales, pero que admite el uso de productos del animal vivo, como los huevos, la leche, etc.
259; Vendedor de alfombras; Hombre que se dedica a vender alfombras.
260; Vendedor de guano; Hombre que se dedica a vender guano.
261; Víbora; Culebra venenosa de unos 50 cm de largo y menos de 3 de grueso.
262; Viejo chocho; Término que se emplea para referirse despectivamente a una persona de avanzada edad que supuestamente ya no está en pleno uso de sus facultades mentales.
263; Villano; Vecino o habitador del estado llano en una villa o aldea, a distinción de noble o hidalgo. Ruin, indigno o indecoroso.
264; Visigodo; Se dice del individuo de una parte del pueblo godo, que, establecida durante algún tiempo al oeste del río Dniéper, fundó después un reino en España.
265; Zapoteco; Dícese de un grupo indígena mexicano que habita en los valles centrales de Oaxaca, en la sierra que abarca desde Ixtlán hasta la región mixe y el Cempoaltépetl, en el Istmo de Tehuantepec y en la sierra de Miahuatlán (México).
266; Zopenco; Tonto y abrutado.
267; Zuavo; Soldado argelino de infantería, al servicio de Francia.
268; Zulú; Se dice del individuo de cierto pueblo de raza negra que habita en África austral.
